<?xml version="1.0" encoding="utf-8"?>
<!DOCTYPE install PUBLIC "-//Joomla! 2.5//DTD template 1.0//EN" "http://dev.joomla.org/xml/2.5/template-install.dtd">
<extension version="3.0" type="template" client="site">
	<name>AS 002031 Free</name>
	<creationDate>2011-09-07</creationDate>
	<updateDate>2012-12-07</updateDate>
	<version>4.1.0</version>
	<author>AS Designing</author>
    <authorUrl>http://www.asdesigning.com</authorUrl>
    <copyright>AS Designing</copyright>
    <license>Creative Commons</license>
	<description>
	
	<![CDATA[

			<img src="../templates/as002031free/template_thumbnail.png" align="left" style="margin: 0px 10px 10px 0px;" />
			
			<h1>AS Template 002031 - Free Version</h1>
			
			<span style="font-weight: bold; ">
				This template is released under the Creative Commons Attribution 3.0 license. <br>
				This means that it can be used for private and commercial purposes, <br>
				edited freely or redistributed as long as you keep the link back to 
				<a href="http://www.astemplates.com" target="_blank">AS Templates</a>.<br /> 
				If you are not going to keep the link, you should purchase a license.<br /><br />
				<a href="http://www.astemplates.com/itemdetails.php?id=96" target="_blank">See template details</a>
				for more info.<br />
				<a href="http://astemplates.com/itemdetails.php?id=96&page=howto" target="_blank">Click here</a>  
				to see the template documentation or our <a href="http://www.youtube.com/user/ASTemplatesVideo" target="_blank">Video Tutorials</a>.<br />
			</span> 							
			<br />
			<span style="color:red; font-weight: bold; font-size:18px ">
			<br />Free Version is limited and may not include all features.<br />
			</span>
			<br />
			<h3><b>Extensions used in this template:</b></h3>
			    <a href="http://www.astemplates.com/itemdetails.php?id=144" target="_blank"><b>AS Scroller</b></a><br />
			    <a href="http://www.astemplates.com/itemdetails.php?id=145" target="_blank"><b>AS Accordion Menu</b></a><br />
			    <a href="http://www.astemplates.com/itemdetails.php?id=116" target="_blank"><b>AS Nivo Slider</b></a><br />
			    <a href="http://www.astemplates.com/itemdetails.php?id=118" target="_blank"><b>AS Moo Slider</b></a><br />
			<br />
			<hr /><br />
			<h3><b>Most popular AS Templates:</b></h3>
			    <a href="http://www.astemplates.com/itemdetails.php?id=109" target="_blank"><b>AS Template 002032</b></a><br />
			    <a href="http://www.astemplates.com/itemdetails.php?id=96" target="_blank"><b>AS Template 002031</b></a><br />
			    <a href="http://www.astemplates.com/itemdetails.php?id=115" target="_blank"><b>AS Template 002035</b></a><br />
			    <a href="http://www.astemplates.com/itemdetails.php?id=55" target="_blank"><b>AS Template 002022</b></a><br />
			    <a href="http://www.astemplates.com/itemdetails.php?id=117" target="_blank"><b>AS Template 002036</b></a>
			<br /><br />]]>	
			
	</description>
		
    <files>
		<folder>css</folder>
		<folder>html</folder>
		<folder>images</folder>
		<folder>lib</folder>		
		<folder>params</folder>
		<folder>scripts</folder>
		
		<filename>component.php</filename>
        <filename>ie6warning.php</filename> 		
		<filename>index.html</filename>
		<filename>index.php</filename>
		<filename>params.php</filename>
		<filename>styles.php</filename>
		<filename>template_thumbnail.png</filename>	
		<filename>templateDetails.xml</filename>
    </files>
	
	<positions>
		<position>position-4</position>				<!-- header -->
		<position>position-1</position>				<!-- header -->
		<position>slider</position>					<!-- header -->
		<position>position-2</position>				<!-- breadcrumbs -->		
		<position>position-0</position>				<!-- search -->
		<position>position-6</position>				<!-- header -->								

		<position>position-40</position>			<!-- left column - custom -->
		<position>position-41</position>			<!-- left column - custom -->
		<position>position-42</position>			<!-- left column - custom -->
		<position>position-43</position>			<!-- left column - custom -->
		<position>position-44</position>			<!-- left column - custom -->

		<position>position-5</position>				<!-- main column - banners -->
	</positions>

	<config>
		<fields name="params" >
		
			<!-- ~~~~~~~~~~~~~~~~~~~~~~~~~~~~~~~~~~~~~~~~~~~~~~~~~~~~~~~~~~~~~~~~~~~~~~~~~~~~~~~~~~~~~~~~~~~~~~~~~~~~~~~~~~~~~~~~~~~~~~ -->	
			<!-- General Configuration Parameter ~~~~~~~~~~~~~~~~~~~~~~~~~~~~~~~~~~~~~~~~~~~~~~~~~~~~~~~~~~~~~~~~~~~~~~~~~~~~~~~~~~~~~~ -->
			<!-- ~~~~~~~~~~~~~~~~~~~~~~~~~~~~~~~~~~~~~~~~~~~~~~~~~~~~~~~~~~~~~~~~~~~~~~~~~~~~~~~~~~~~~~~~~~~~~~~~~~~~~~~~~~~~~~~~~~~~~~ -->	
			
			<fieldset name="basicparameters" addfieldpath="/templates/as002031free/lib/header" label="General Configuration Parameters">

				<field type="spacer" label="&lt;link rel='stylesheet' href='../templates/as002031free/css/tmpl.admin.css' type='text/css' /&gt;" />
				
				<field name="page_width" 
					type="list" 
					default="1000" 
					label="Page width" 
					description="Select page width here">
						<option value="900">900</option>
						<option value="905">905</option>						
						<option value="910">910</option>
						<option value="915">915</option>						
						<option value="920">920</option>
						<option value="925">925</option>						
						<option value="930">930</option>
						<option value="935">935</option>						
						<option value="940">940</option>
						<option value="945">945</option>						
						<option value="950">950</option>
						<option value="955">955</option>						
						<option value="960">960</option>
						<option value="965">965</option>						
						<option value="970">970</option>
						<option value="975">975</option>						
						<option value="980">980</option>
						<option value="985">985</option>						
						<option value="990">990</option>
						<option value="995">995</option>						
						<option value="1000">1000</option>
						<option value="1010">1010</option>
						<option value="1020">1020</option>
						<option value="1030">1030</option>
						<option value="1040">1040</option>
						<option value="1050">1050</option>
						<option value="1060">1060</option>
						<option value="1070">1070</option>
						<option value="1080">1080</option>
						<option value="1090">1090</option>
						<option value="1100">1100</option>
				</field>
				<field name="sidebar_width" 
					type="list" 
					default="230" 
					label="Sidebar width" 
					description="Select sidebar width here">
						<option value="200">200</option>
						<option value="205">205</option>
						<option value="210">210</option>
						<option value="215">215</option>
						<option value="220">220</option>
						<option value="225">225</option>
						<option value="230">230</option>
						<option value="235">235</option>
						<option value="240">240</option>
						<option value="245">245</option>
						<option value="250">250</option>																																																																																																																																																																																																																																																																																																
						<option value="255">255</option>																																																																																																																																																																																																																																																																																																
						<option value="260">260</option>																																																																																																																																																																																																																																																																																																
						<option value="265">265</option>																																																																																																																																																																																																																																																																																																
						<option value="270">270</option>																																																																																																																																																																																																																																																																																																
						<option value="275">275</option>																																																																																																																																																																																																																																																																																																
						<option value="280">280</option>																																																																																																																																																																																																																																																																																																
						<option value="285">285</option>																																																																																																																																																																																																																																																																																																
						<option value="290">200</option>																																																																																																																																																																																																																																																																																																
						<option value="295">295</option>																																																																																																																																																																																																																																																																																																
						<option value="300">300</option>																																																																																																																																																																																																																																																																																																
				</field>
				<field type="spacer" label=" " />
				<field type="spacer" label=" " />

				<field name="tmpl_style" 
					type="list" 
					default="style.default.css" 
					label="Template Styles" 
					description="Template Styles">
						<option value="style.default.css">Default</option>
						<option value="style.autumn.css">Autumn</option>	
						<option value="style.cherry.css">Cherry</option>	
						<option value="style.coffee.css">Coffee</option>																		
						<option value="style.fire.css">Fire</option>																		
				</field>
				<field type="spacer" label=" " />
				<field type="spacer" label=" " />
								
				<field name="Header10" type="header" default="Heading" label="" description="" />
				<field type="spacer" label=" " />			
								
				<field name="body_hfontfamily" 
					type="list" 
					default="Tahoma, Geneva, sans-serif, Arial" 
					label="Heading font family" 
					description="Select your favorite font-family here for the heading, main menu, buttons, company name, slogan and position 6.">
						<option value="Tahoma, Geneva, sans-serif, Arial">Tahoma, Geneva, sans-serif, Arial</option>
						<option value="Georgia, 'Times New Roman', Times, serif">Georgia, Times New Roman, Times, serif</option>
						<option value="'Courier New', Courier, monospace">Courier New, Courier, monospace</option>
						<option value="Arial, Helvetica, sans-serif">Arial, Helvetica, sans-serif</option>
						<option value="'Trebuchet MS', Arial, Helvetica, sans-serif">Trebuchet MS, Arial, Helvetica, sans-serif</option>
						<option value="'Verdana, Geneva, sans-serif">Verdana, Geneva, sans-serif</option>
						<option value="'Times New Roman', Times, serif">Times New Roman, Times, serif</option>
						<option value="'MS Serif', 'New York', serif">MS Serif, New York, serif</option>
						<option value="'Comic Sans MS', cursive">Comic Sans MS, cursive</option>
						<option value="'Lucida Sans Unicode', 'Lucida Grande', sans-serif">Lucida Sans Unicode, sans-serif</option>						
						<option value="Acme">Google:Acme</option>
						<option value="Advent Pro:100">Google:Advent Pro:100</option>
						<option value="Advent Pro:200">Google:Advent Pro:200</option>
						<option value="Advent Pro:300">Google:Advent Pro:300</option>
						<option value="Advent Pro:400">Google:Advent Pro:400</option>
						<option value="Advent Pro:500">Google:Advent Pro:500</option>
						<option value="Advent Pro:600">Google:Advent Pro:600</option>
						<option value="Advent Pro:700">Google:Advent Pro:700</option>
						<option value="Arimo:400">Google:Arimo:400</option>
						<option value="Arimo:400italic">Google:Arimo:400italic</option>
						<option value="Arimo:700">Google:Arimo:700</option>
						<option value="Arimo:700italic">Google:Arimo:700italic</option>
						<option value="Average">Google:Average</option>
						<option value="Convergence">Google:Convergence</option>
						<option value="Cuprum:400">Google:Cuprum:400</option>
						<option value="Cuprum:400italic">Google:Cuprum:400italic</option>
						<option value="Cuprum:700">Google:Cuprum:700</option>
						<option value="Cuprum:700italic">Google:Cuprum:700italic</option>
						<option value="Exo:100">Google:Exo:100</option>
						<option value="Exo:100italic">Google:Exo:100italic</option>
						<option value="Exo:200">Google:Exo:200</option>
						<option value="Exo:200italic">Google:Exo:200italic</option>
						<option value="Exo:300">Google:Exo:300</option>
						<option value="Exo:300italic">Google:Exo:300italic</option>
						<option value="Exo:400">Google:Exo:400</option>
						<option value="Exo:400italic">Google:Exo:400italic</option>
						<option value="Exo:500">Google:Exo:500</option>
						<option value="Exo:500italic">Google:Exo:500italic</option>
						<option value="Exo:600">Google:Exo:600</option>
						<option value="Exo:600italic">Google:Exo:600italic</option>
						<option value="Exo:700">Google:Exo:700</option>
						<option value="Exo:700italic">Google:Exo:700italic</option>
						<option value="Exo:800">Google:Exo:800</option>
						<option value="Exo:800italic">Google:Exo:800italic</option>
						<option value="Exo:900">Google:Exo:900</option>
						<option value="Exo:900italic">Google:Exo:900italic</option>
						<option value="Fredoka One">Google:Fredoka One</option>
						<option value="Hammersmith One">Google:Hammersmith One</option>
						<option value="Homenaje">Google:Homenaje</option>
						<option value="Jockey One">Google:Jockey One</option>
						<option value="Jura:300">Google:Jura:300</option>
						<option value="Jura:400">Google:Jura:400</option>
						<option value="Jura:500">Google:Jura:500</option>
						<option value="Jura:600">Google:Jura:600</option>
						<option value="Macondo">Google:Macondo</option>
						<option value="Marmelad">Google:Marmelad</option>
						<option value="Montserrat">Google:Montserrat</option>
						<option value="Muli:300">Google:Muli:300</option>
						<option value="Muli:300italic">Google:Muli:300italic</option>
						<option value="Muli:400">Google:Muli:400</option>
						<option value="Muli:400italic">Google:Muli:400italic</option>
						<option value="Numans">Google:Numans</option>
						<option value="Oxygen">Google:Oxygen</option>
						<option value="Pontano Sans">Google:Pontano Sans</option>
						<option value="Prosto One">Google:Prosto One</option>
						<option value="Russo One">Google:Russo One</option>
						<option value="Salsa">Google:Salsa</option>
						<option value="Signika:300">Google:Signika:300</option>
						<option value="Signika:400">Google:Signika:400</option>
						<option value="Signika:600">Google:Signika:600</option>
						<option value="Signika:700">Google:Signika:700</option>
						<option value="Six Caps">Google:Six Caps</option>
						<option value="Tulpen One">Google:Tulpen One</option>												
				</field>
				<field name="body_h1fontsize" 
					type="list" 
					default="20px" 
					label="Heading font size (H1)" 
					description="Select a font size here">
						<option value="12px">12px</option>
						<option value="13px">13px</option>
						<option value="14px">14px</option>
						<option value="15px">15px</option>
						<option value="16px">16px</option>
						<option value="17px">17px</option>
						<option value="18px">18px</option>
						<option value="19px">19px</option>
						<option value="20px">20px</option>
						<option value="21px">21px</option>
						<option value="22px">22px</option>
						<option value="23px">23px</option>
						<option value="24px">24px</option>
						<option value="25px">25px</option>
						<option value="26px">26px</option>
						<option value="27px">27px</option>
						<option value="28px">28px</option>
						<option value="29px">29px</option>
						<option value="30px">30px</option>
						<option value="31px">31px</option>
						<option value="32px">32px</option>
				</field>
				<field name="body_h2fontsize" 
					type="list" 
					default="20px" 
					label="Heading font size (H2)" 
					description="Select a font size here">
						<option value="12px">12px</option>
						<option value="13px">13px</option>
						<option value="14px">14px</option>
						<option value="15px">15px</option>
						<option value="16px">16px</option>
						<option value="17px">17px</option>
						<option value="18px">18px</option>
						<option value="19px">19px</option>
						<option value="20px">20px</option>
						<option value="21px">21px</option>
						<option value="22px">22px</option>
						<option value="23px">23px</option>
						<option value="24px">24px</option>
						<option value="25px">25px</option>
						<option value="26px">26px</option>
						<option value="27px">27px</option>
						<option value="28px">28px</option>
						<option value="29px">29px</option>
						<option value="30px">30px</option>
						<option value="31px">31px</option>
						<option value="32px">32px</option>
				</field>
				<field name="body_h3fontsize" 
					type="list" 
					default="14px" 
					label="Heading font size (H3)" 
					description="Select a font size here">
						<option value="12px">12px</option>
						<option value="13px">13px</option>
						<option value="14px">14px</option>
						<option value="15px">15px</option>
						<option value="16px">16px</option>
						<option value="17px">17px</option>
						<option value="18px">18px</option>
						<option value="19px">19px</option>
						<option value="20px">20px</option>
						<option value="21px">21px</option>
						<option value="22px">22px</option>
						<option value="23px">23px</option>
						<option value="24px">24px</option>
						<option value="25px">25px</option>
						<option value="26px">26px</option>
						<option value="27px">27px</option>
						<option value="28px">28px</option>
						<option value="29px">29px</option>
						<option value="30px">30px</option>
						<option value="31px">31px</option>
						<option value="32px">32px</option>
				</field>
				<field name="body_h4fontsize" 
					type="list" 
					default="12px" 
					label="Heading font size (H4)" 
					description="Select a font size here">
						<option value="10px">10px</option>
						<option value="11px">11px</option>
						<option value="12px">12px</option>
						<option value="13px">13px</option>
						<option value="14px">14px</option>
						<option value="15px">15px</option>
						<option value="16px">16px</option>
						<option value="17px">17px</option>
						<option value="18px">18px</option>
						<option value="19px">19px</option>
						<option value="20px">20px</option>
						<option value="21px">21px</option>
						<option value="22px">22px</option>
						<option value="23px">23px</option>
						<option value="24px">24px</option>
						<option value="25px">25px</option>
						<option value="26px">26px</option>
						<option value="27px">27px</option>
						<option value="28px">28px</option>
						<option value="29px">29px</option>
						<option value="30px">30px</option>
						<option value="31px">31px</option>
						<option value="32px">32px</option>
				</field>
				<field name="body_h5fontsize" 
					type="list" 
					default="12px" 
					label="Heading font size (H5)" 
					description="Select a font size here">
						<option value="10px">10px</option>
						<option value="11px">11px</option>
						<option value="12px">12px</option>
						<option value="13px">13px</option>
						<option value="14px">14px</option>
						<option value="15px">15px</option>
						<option value="16px">16px</option>
						<option value="17px">17px</option>
						<option value="18px">18px</option>
						<option value="19px">19px</option>
						<option value="20px">20px</option>
						<option value="21px">21px</option>
						<option value="22px">22px</option>
						<option value="23px">23px</option>
						<option value="24px">24px</option>
						<option value="25px">25px</option>
						<option value="26px">26px</option>
						<option value="27px">27px</option>
						<option value="28px">28px</option>
						<option value="29px">29px</option>
						<option value="30px">30px</option>
						<option value="31px">31px</option>
						<option value="32px">32px</option>
				</field>
				<field name="body_h12fontweight" 
					type="list" 
					default="normal" 
					label="Heading font weight (H1-2)" 
					description="Select a font weight here">
						<option value="normal">Normal</option>
						<option value="bold">Bold</option>
				</field>
				<field name="body_h35fontweight" 
					type="list" 
					default="bold" 
					label="Heading font weight (H3-5)" 
					description="Select a font weight here">
						<option value="normal">Normal</option>
						<option value="bold">Bold</option>
				</field>
				<field type="spacer" label=" " />
				<field type="spacer" label=" " />
								
				<field name="body_htransform" 
					type="radio" 
					default="uppercase" 
					label="Heading text transform" 
					description="Heading text transform">
						<option value="uppercase">uppercase</option>
						<option value="none">none</option>
				</field>				
				<field type="spacer" label=" " />
				<field type="spacer" label=" " />
							
				<field name="Header11" type="header" default="Content Fonts" label="" description="" />
				<field type="spacer" label=" " />									
				
				<field name="body_fontfamily" 
					type="list" 
					default="Tahoma, Geneva, sans-serif, Arial" 
					label="Content font family" 
					description="Select your favorite font-family here">
						<option value="Tahoma, Geneva, sans-serif, Arial">Tahoma, Geneva, sans-serif, Arial</option>
						<option value="Georgia, 'Times New Roman', Times, serif">Georgia, Times New Roman, Times, serif</option>
						<option value="'Courier New', Courier, monospace">Courier New, Courier, monospace</option>
						<option value="Arial, Helvetica, sans-serif">Arial, Helvetica, sans-serif</option>
						<option value="'Trebuchet MS', Arial, Helvetica, sans-serif">Trebuchet MS, Arial, Helvetica, sans-serif</option>
						<option value="'Verdana, Geneva, sans-serif">Verdana, Geneva, sans-serif</option>
						<option value="'Times New Roman', Times, serif">Times New Roman, Times, serif</option>
						<option value="'MS Serif', 'New York', serif">MS Serif, New York, serif</option>
						<option value="'Comic Sans MS', cursive">Comic Sans MS, cursive</option>
						<option value="'Lucida Sans Unicode', 'Lucida Grande', sans-serif">Lucida Sans Unicode, sans-serif</option>						
						<option value="Acme">Google:Acme</option>
						<option value="Advent Pro:100">Google:Advent Pro:100</option>
						<option value="Advent Pro:200">Google:Advent Pro:200</option>
						<option value="Advent Pro:300">Google:Advent Pro:300</option>
						<option value="Advent Pro:400">Google:Advent Pro:400</option>
						<option value="Advent Pro:500">Google:Advent Pro:500</option>
						<option value="Advent Pro:600">Google:Advent Pro:600</option>
						<option value="Advent Pro:700">Google:Advent Pro:700</option>
						<option value="Arimo:400">Google:Arimo:400</option>
						<option value="Arimo:400italic">Google:Arimo:400italic</option>
						<option value="Arimo:700">Google:Arimo:700</option>
						<option value="Arimo:700italic">Google:Arimo:700italic</option>
						<option value="Average">Google:Average</option>
						<option value="Convergence">Google:Convergence</option>
						<option value="Cuprum:400">Google:Cuprum:400</option>
						<option value="Cuprum:400italic">Google:Cuprum:400italic</option>
						<option value="Cuprum:700">Google:Cuprum:700</option>
						<option value="Cuprum:700italic">Google:Cuprum:700italic</option>
						<option value="Exo:100">Google:Exo:100</option>
						<option value="Exo:100italic">Google:Exo:100italic</option>
						<option value="Exo:200">Google:Exo:200</option>
						<option value="Exo:200italic">Google:Exo:200italic</option>
						<option value="Exo:300">Google:Exo:300</option>
						<option value="Exo:300italic">Google:Exo:300italic</option>
						<option value="Exo:400">Google:Exo:400</option>
						<option value="Exo:400italic">Google:Exo:400italic</option>
						<option value="Exo:500">Google:Exo:500</option>
						<option value="Exo:500italic">Google:Exo:500italic</option>
						<option value="Exo:600">Google:Exo:600</option>
						<option value="Exo:600italic">Google:Exo:600italic</option>
						<option value="Exo:700">Google:Exo:700</option>
						<option value="Exo:700italic">Google:Exo:700italic</option>
						<option value="Exo:800">Google:Exo:800</option>
						<option value="Exo:800italic">Google:Exo:800italic</option>
						<option value="Exo:900">Google:Exo:900</option>
						<option value="Exo:900italic">Google:Exo:900italic</option>
						<option value="Fredoka One">Google:Fredoka One</option>
						<option value="Hammersmith One">Google:Hammersmith One</option>
						<option value="Homenaje">Google:Homenaje</option>
						<option value="Jockey One">Google:Jockey One</option>
						<option value="Jura:300">Google:Jura:300</option>
						<option value="Jura:400">Google:Jura:400</option>
						<option value="Jura:500">Google:Jura:500</option>
						<option value="Jura:600">Google:Jura:600</option>
						<option value="Macondo">Google:Macondo</option>
						<option value="Marmelad">Google:Marmelad</option>
						<option value="Montserrat">Google:Montserrat</option>
						<option value="Muli:300">Google:Muli:300</option>
						<option value="Muli:300italic">Google:Muli:300italic</option>
						<option value="Muli:400">Google:Muli:400</option>
						<option value="Muli:400italic">Google:Muli:400italic</option>
						<option value="Numans">Google:Numans</option>
						<option value="Oxygen">Google:Oxygen</option>
						<option value="Pontano Sans">Google:Pontano Sans</option>
						<option value="Prosto One">Google:Prosto One</option>
						<option value="Russo One">Google:Russo One</option>
						<option value="Salsa">Google:Salsa</option>
						<option value="Signika:300">Google:Signika:300</option>
						<option value="Signika:400">Google:Signika:400</option>
						<option value="Signika:600">Google:Signika:600</option>
						<option value="Signika:700">Google:Signika:700</option>
						<option value="Six Caps">Google:Six Caps</option>
						<option value="Tulpen One">Google:Tulpen One</option>												
				</field>

				<field name="body_fontsize" 
					type="list" 
					default="12px" 
					label="Content font size" 
					description="Select a font size here">
						<option value="10px">10px</option>
						<option value="11px">11px</option>
						<option value="12px">12px</option>
						<option value="13px">13px</option>
						<option value="14px">14px</option>
						<option value="15px">15px</option>
						<option value="16px">16px</option>
						<option value="17px">17px</option>
						<option value="18px">18px</option>
						<option value="19px">19px</option>
						<option value="20px">20px</option>
						<option value="21px">21px</option>
						<option value="22px">22px</option>
						<option value="23px">23px</option>
						<option value="24px">24px</option>
				</field>
				<field name="body_fontstyle" 
					type="list" 
					default="normal" 
					label="Content font style" 
					description="Select a font style here">
						<option value="normal">Normal</option>
						<option value="italic">Italic</option>
				</field>
				<field name="body_fontweight" 
					type="list" 
					default="normal" 
					label="Content font weight" 
					description="Select a font weight here">
						<option value="normal">Normal</option>
						<option value="bold">Bold</option>
				</field>
				
				<field type="spacer" label=" " />
				<field type="spacer" label=" " />

				<field name="Header17" type="header" default="Buttons" label="" description="" />						
				<field type="spacer" label=" " />
				
				<field name="btn_txttransform" 
					type="radio" 
					default="uppercase" 
					label="Buttons text transform" 
					description="Buttons text transform">
						<option value="uppercase">uppercase</option>
						<option value="none">none</option>
				</field>
				<field type="spacer" label=" " />
				<field type="spacer" label=" " />
									
				<field name="Header19" type="header" default="jQuery Library" label="" description="" />

				<field type="spacer" label=" " />
				<field name="jQuery_load" 
					type="radio" 
					default="1" 
					label="jQuery load" 
					description="Option to load jquery script into site">
						<option value="0">no</option>
						<option value="1">yes</option>
				</field>

				<field type="spacer" label=" " />
				<field type="spacer" label=" " />
								
			</fieldset>
			
			<!-- ~~~~~~~~~~~~~~~~~~~~~~~~~~~~~~~~~~~~~~~~~~~~~~~~~~~~~~~~~~~~~~~~~~~~~~~~~~~~~~~~~~~~~~~~~~~~~~~~~~~~~~~~~~~~~~~~~~~~~~ -->	
			<!-- Header Configuration Parameter ~~~~~~~~~~~~~~~~~~~~~~~~~~~~~~~~~~~~~~~~~~~~~~~~~~~~~~~~~~~~~~~~~~~~~~~~~~~~~~~~~~~~~~~ -->
			<!-- ~~~~~~~~~~~~~~~~~~~~~~~~~~~~~~~~~~~~~~~~~~~~~~~~~~~~~~~~~~~~~~~~~~~~~~~~~~~~~~~~~~~~~~~~~~~~~~~~~~~~~~~~~~~~~~~~~~~~~~ -->	
			
			<fieldset name="advancedheaderparameters" addfieldpath="/templates/as002031free/lib/header" label="Header Configuration Parameters">

				<field type="spacer" label=" " />
				<field type="spacer" label=" " />				
																
				<!-- ~~~~~~~~~~~~~~~~~~~~~~~~~~~~~~~~~~~~~~~~~~~~~~~~~~~~~~~~~~~~~~~~~~~~~~~~~~~~~~~~~~~~~~~~~~~~~~~~~~~~~~~~~~~~~~~~~~ -->	
				<!-- Company Logo &amp; Slogan  -->							
				<!-- ~~~~~~~~~~~~~~~~~~~~~~~~~~~~~~~~~~~~~~~~~~~~~~~~~~~~~~~~~~~~~~~~~~~~~~~~~~~~~~~~~~~~~~~~~~~~~~~~~~~~~~~~~~~~~~~~~~ -->	
				
				<field name="Header20" type="header" default="Company Logo Bar" label="" description="" />
				<field type="spacer" label=" " />
																
				<field name="logo_type" 
					type="radio" 
					default="0" 
					label="Logo type" 
					description="Here you can choose if a Logo should be shown as Image or Text">
						<option value="0">image</option>
						<option value="1">text</option>
				</field>			
				<field name="logo_img" 
					type="media" 
					hide_none="true" 
					hide_default="true" 
					default="companylogo.png" 
					label="Logo image" 
					directory="" 
					description="Select a Logo image from the media folder" >
				</field>
				<field type="spacer" label=" " />
				<field type="spacer" label=" " />
				
				<!-- Logo Configuration-->
				
				<field name="logo_txt" 
					type="text" 
					default="" 
					label="Logo text" 
					description="Enter a Text that will be shown in the Company Logo place">
				</field>
				<field name="logo_txtfontsize" 
					type="list" 
					default="36px" 
					label="Logo font size" 
					description="Select a font size here">
						<option value="12px">12px</option>
						<option value="13px">13px</option>
						<option value="14px">14px</option>
						<option value="15px">15px</option>
						<option value="16px">16px</option>
						<option value="17px">17px</option>
						<option value="18px">18px</option>
						<option value="19px">19px</option>
						<option value="20px">20px</option>
						<option value="21px">21px</option>
						<option value="22px">22px</option>
						<option value="23px">23px</option>
						<option value="24px">24px</option>
						<option value="25px">25px</option>
						<option value="26px">26px</option>
						<option value="27px">27px</option>
						<option value="28px">28px</option>
						<option value="29px">29px</option>
						<option value="30px">30px</option>
						<option value="31px">31px</option>
						<option value="32px">32px</option>
						<option value="33px">33px</option>
						<option value="34px">34px</option>
						<option value="35px">35px</option>
						<option value="36px">36px</option>
						<option value="37px">37px</option>
						<option value="38px">38px</option>
						<option value="39px">39px</option>
						<option value="40px">40px</option>
						<option value="41px">41px</option>
						<option value="42px">42px</option>
						<option value="43px">43px</option>
						<option value="44px">44px</option>
						<option value="45px">45px</option>
						<option value="46px">46px</option>
						<option value="47px">47px</option>
						<option value="48px">48px</option>
						<option value="49px">49px</option>
						<option value="50px">50px</option>
				</field>
				<field name="logo_txtfontstyle" 
					type="list" 
					default="normal" 
					label="Logo font style" 
					description="Select a font style here">
						<option value="normal">Normal</option>
						<option value="italic">Italic</option>
				</field>
				<field name="logo_txtfontweight" 
					type="list" 
					default="normal" 
					label="Logo font weight" 
					description="Select a font weight here">
						<option value="normal">Normal</option>
						<option value="bold">Bold</option>
				</field>
				<field type="spacer" label=" " />
				<field type="spacer" label=" " />

				<!-- Slogan Configuration-->
				
				<field name="slogan_txt" 
					type="text" 
					default="" 
					label="Slogan text" 
					description="Enter a Text that will be shown in the Company Slogan place">
				</field>
				<field name="slogan_txtfontsize" 
					type="list" 
					default="11px" 
					label="Slogan font size" 
					description="Select a font size here">
						<option value="10px">10px</option>
						<option value="11px">11px</option>
						<option value="12px">12px</option>
						<option value="13px">13px</option>
						<option value="14px">14px</option>
						<option value="15px">15px</option>
						<option value="16px">16px</option>
						<option value="17px">17px</option>
						<option value="18px">18px</option>
						<option value="19px">19px</option>
						<option value="20px">20px</option>
				</field>
				<field name="slogan_txtfontstyle" 
					type="list" 
					default="normal" 
					label="Slogan font style" 
					description="Select a font style here">
						<option value="normal">Normal</option>
						<option value="italic">Italic</option>
				</field>
				<field name="slogan_txtfontweight" 
					type="list" 
					default="normal" 
					label="Slogan font weight" 
					description="Select a font weight here">
						<option value="normal">Normal</option>
						<option value="bold">Bold</option>
				</field>
				<field type="spacer" label=" " />
				<field type="spacer" label=" " />

				<!-- ~~~~~~~~~~~~~~~~~~~~~~~~~~~~~~~~~~~~~~~~~~~~~~~~~~~~~~~~~~~~~~~~~~~~~~~~~~~~~~~~~~~~~~~~~~~~~~~~~~~~~~~~~~~~~~~~~~ -->	
				<!-- Header - Top Menu -->
				<!-- ~~~~~~~~~~~~~~~~~~~~~~~~~~~~~~~~~~~~~~~~~~~~~~~~~~~~~~~~~~~~~~~~~~~~~~~~~~~~~~~~~~~~~~~~~~~~~~~~~~~~~~~~~~~~~~~~~~ -->	

				<field name="Header21" addfieldpath="templates/as002031free/images" type="header" default="Top Menu" label="" description="" />

				<field type="spacer" label=" " />
				<field type="spacer" label="&lt;b&gt;Position 4&lt;/b&gt;" />
				<field type="spacer" label=" " />
				<field type="spacer" label=" " />
				
				<field name="topmenu_fontsize" 
					type="list" 
					default="14px" 
					label="Font size" 
					description="Select a font size here">
						<option value="10px">10px</option>
						<option value="11px">11px</option>
						<option value="12px">12px</option>
						<option value="13px">13px</option>
						<option value="14px">14px</option>
						<option value="15px">15px</option>
						<option value="16px">16px</option>
						<option value="17px">17px</option>
						<option value="18px">18px</option>
						<option value="19px">19px</option>
						<option value="20px">20px</option>
						<option value="21px">21px</option>
						<option value="22px">22px</option>
				</field>
				<field name="topmenu_fontweight" 
					type="list" 
					default="normal" 
					label="Font weight" 
					description="Select a font weight here">
						<option value="normal">Normal</option>
						<option value="bold">Bold</option>
				</field>
				<field type="spacer" label=" " />
				<field type="spacer" label=" " />
								
				<!-- ~~~~~~~~~~~~~~~~~~~~~~~~~~~~~~~~~~~~~~~~~~~~~~~~~~~~~~~~~~~~~~~~~~~~~~~~~~~~~~~~~~~~~~~~~~~~~~~~~~~~~~~~~~~~~~~~~~ -->	
				<!-- Header - Main Menu -->
				<!-- ~~~~~~~~~~~~~~~~~~~~~~~~~~~~~~~~~~~~~~~~~~~~~~~~~~~~~~~~~~~~~~~~~~~~~~~~~~~~~~~~~~~~~~~~~~~~~~~~~~~~~~~~~~~~~~~~~~ -->	

				<field name="Header22" addfieldpath="templates/as002031free/images" type="header" default="Main Menu" label="" description="" />

				<field type="spacer" label=" " />
				<field type="spacer" label="&lt;b&gt;Position 1&lt;/b&gt;" />
				<field type="spacer" label=" " />
				<field type="spacer" label=" " />
				
				<field name="mainmenu_fontsize" 
					type="list" 
					default="13px" 
					label="Font size" 
					description="Select a font size here">
						<option value="10px">10px</option>
						<option value="11px">11px</option>
						<option value="12px">12px</option>
						<option value="13px">13px</option>
						<option value="14px">14px</option>
						<option value="15px">15px</option>
						<option value="16px">16px</option>
						<option value="17px">17px</option>
						<option value="18px">18px</option>
						<option value="19px">19px</option>
						<option value="20px">20px</option>
						<option value="21px">21px</option>
						<option value="22px">22px</option>
				</field>
				<field name="mainmenu_fontweight" 
					type="list" 
					default="bold" 
					label="Font weight" 
					description="Select a font weight here">
						<option value="normal">Normal</option>
						<option value="bold">Bold</option>
				</field>
				
				<field type="spacer" label="" />
				<field type="spacer" label="" />
						
								
				<field name="submenu_fontsize" 
					type="list" 
					default="13px" 
					label="Submenu font size" 
					description="Select a font size here">
						<option value="10px">10px</option>
						<option value="11px">11px</option>
						<option value="12px">12px</option>
						<option value="13px">13px</option>
						<option value="14px">14px</option>
						<option value="15px">15px</option>
						<option value="16px">16px</option>
						<option value="17px">17px</option>
						<option value="18px">18px</option>
						<option value="19px">19px</option>
						<option value="20px">20px</option>
				</field>
				<field name="submenu_fontweight" 
					type="list" 
					default="bold" 
					label="Submenu font weight" 
					description="Select a font weight here">
						<option value="normal">Normal</option>
						<option value="bold">Bold</option>
				</field>
				
				<field type="spacer" label=" " />
				<field type="spacer" label=" " />

				<!-- ~~~~~~~~~~~~~~~~~~~~~~~~~~~~~~~~~~~~~~~~~~~~~~~~~~~~~~~~~~~~~~~~~~~~~~~~~~~~~~~~~~~~~~~~~~~~~~~~~~~~~~~~~~~~~~~~~~ -->	
				<!-- Breadcrumbs -->
				<!-- ~~~~~~~~~~~~~~~~~~~~~~~~~~~~~~~~~~~~~~~~~~~~~~~~~~~~~~~~~~~~~~~~~~~~~~~~~~~~~~~~~~~~~~~~~~~~~~~~~~~~~~~~~~~~~~~~~~ -->	
				
				<field name="Header50" type="header" default="Breadcrumbs" label="" description="" />
				<field type="spacer" label=" " />				

				<field name="breadrow_texttransform" 
					type="radio" 
					default="uppercase" 
					label="Text transform" 
					description="Convert text to upper case">
						<option value="uppercase">uppercase</option>
						<option value="none">none</option>
				</field>
				<field name="breadrow_textalign" 
					type="radio" 
					default="left" 
					label="Text alignment" 
					description="Text alignment">
						<option value="left">left</option>
						<option value="right">right</option>
				</field>						
				<field name="breadrow_fontsize" 
					type="list" 
					default="11px" 
					label="Font size" 
					description="Select a font size here">
						<option value="10px">10px</option>
						<option value="11px">11px</option>
						<option value="12px">12px</option>
						<option value="13px">13px</option>
				</field>
				<field name="breadrow_fontweight" 
					type="list" 
					default="bold" 
					label="Font weight" 
					description="Select a font weight here">
						<option value="normal">normal</option>
						<option value="bold">bold</option>
				</field>
				<field type="spacer" label="" />
				<field type="spacer" label=" " />
				
			</fieldset>
			
			<!-- ~~~~~~~~~~~~~~~~~~~~~~~~~~~~~~~~~~~~~~~~~~~~~~~~~~~~~~~~~~~~~~~~~~~~~~~~~~~~~~~~~~~~~~~~~~~~~~~~~~~~~~~~~~~~~~~~~~~~~~ -->	
			<!-- Side Columns Configuration Parameters ~~~~~~~~~~~~~~~~~~~~~~~~~~~~~~~~~~~~~~~~~~~~~~~~~~~~~~~~~~~~~~~~~~~~~~~~~~~~~~~~ -->
			<!-- ~~~~~~~~~~~~~~~~~~~~~~~~~~~~~~~~~~~~~~~~~~~~~~~~~~~~~~~~~~~~~~~~~~~~~~~~~~~~~~~~~~~~~~~~~~~~~~~~~~~~~~~~~~~~~~~~~~~~~~ -->	
			
			<fieldset name="advancedsideoptions" addfieldpath="/templates/as002031free/lib/header" label="Side Columns Configuration Parameters">
						
				<field type="spacer" label=" " />						
				<field name="sidecolumn_h1fontsize" 
					type="list" 
					default="16px" 
					label="Heading font size (H1)" 
					description="Select a font size herex">
						<option value="12px">12px</option>
						<option value="13px">13px</option>
						<option value="14px">14px</option>
						<option value="15px">15px</option>
						<option value="16px">16px</option>
						<option value="17px">17px</option>
						<option value="18px">18px</option>
						<option value="19px">19px</option>
						<option value="20px">20px</option>
						<option value="21px">21px</option>
						<option value="22px">22px</option>
						<option value="23px">23px</option>
						<option value="24px">24px</option>
						<option value="25px">25px</option>
						<option value="26px">26px</option>
						<option value="27px">27px</option>
						<option value="28px">28px</option>
						<option value="29px">29px</option>
						<option value="30px">30px</option>
						<option value="31px">31px</option>
						<option value="32px">32px</option>
				</field>
				<field name="sidecolumn_h2fontsize" 
					type="list" 
					default="14px" 
					label="Heading font size (H2)" 
					description="Select a font size here">
						<option value="12px">12px</option>
						<option value="13px">13px</option>
						<option value="14px">14px</option>
						<option value="15px">15px</option>
						<option value="16px">16px</option>
						<option value="17px">17px</option>
						<option value="18px">18px</option>
						<option value="19px">19px</option>
						<option value="20px">20px</option>
						<option value="21px">21px</option>
						<option value="22px">22px</option>
						<option value="23px">23px</option>
						<option value="24px">24px</option>
						<option value="25px">25px</option>
						<option value="26px">26px</option>
						<option value="27px">27px</option>
						<option value="28px">28px</option>
						<option value="29px">29px</option>
						<option value="30px">30px</option>
						<option value="31px">31px</option>
						<option value="32px">32px</option>
				</field>
				<field name="sidecolumn_h3fontsize" 
					type="list" 
					default="12px" 
					label="Heading font size (H3)" 
					description="Select a font size here">
						<option value="12px">12px</option>
						<option value="13px">13px</option>
						<option value="14px">14px</option>
						<option value="15px">15px</option>
						<option value="16px">16px</option>
						<option value="17px">17px</option>
						<option value="18px">18px</option>
						<option value="19px">19px</option>
						<option value="20px">20px</option>
						<option value="21px">21px</option>
						<option value="22px">22px</option>
						<option value="23px">23px</option>
						<option value="24px">24px</option>
						<option value="25px">25px</option>
						<option value="26px">26px</option>
						<option value="27px">27px</option>
						<option value="28px">28px</option>
						<option value="29px">29px</option>
						<option value="30px">30px</option>
						<option value="31px">31px</option>
						<option value="32px">32px</option>
				</field>
				<field name="sidecolumn_h4fontsize" 
					type="list" 
					default="12px" 
					label="Heading font size (H4)" 
					description="Select a font size here">
						<option value="12px">12px</option>
						<option value="13px">13px</option>
						<option value="14px">14px</option>
						<option value="15px">15px</option>
						<option value="16px">16px</option>
						<option value="17px">17px</option>
						<option value="18px">18px</option>
						<option value="19px">19px</option>
						<option value="20px">20px</option>
						<option value="21px">21px</option>
						<option value="22px">22px</option>
						<option value="23px">23px</option>
						<option value="24px">24px</option>
						<option value="25px">25px</option>
						<option value="26px">26px</option>
						<option value="27px">27px</option>
						<option value="28px">28px</option>
						<option value="29px">29px</option>
						<option value="30px">30px</option>
						<option value="31px">31px</option>
						<option value="32px">32px</option>
				</field>
				<field name="sidecolumn_h5fontsize" 
					type="list" 
					default="12px" 
					label="Heading font size (H5)" 
					description="Select a font size here">
						<option value="12px">12px</option>
						<option value="13px">13px</option>
						<option value="14px">14px</option>
						<option value="15px">15px</option>
						<option value="16px">16px</option>
						<option value="17px">17px</option>
						<option value="18px">18px</option>
						<option value="19px">19px</option>
						<option value="20px">20px</option>
						<option value="21px">21px</option>
						<option value="22px">22px</option>
						<option value="23px">23px</option>
						<option value="24px">24px</option>
						<option value="25px">25px</option>
						<option value="26px">26px</option>
						<option value="27px">27px</option>
						<option value="28px">28px</option>
						<option value="29px">29px</option>
						<option value="30px">30px</option>
						<option value="31px">31px</option>
						<option value="32px">32px</option>
				</field>
				<field name="sidecolumn_hfontweight" 
					type="list" 
					default="bold" 
					label="Heading font weight" 
					description="Select a font weight here">
						<option value="normal">Normal</option>
						<option value="bold">Bold</option>
				</field>
				<field name="sidecolumn_htransform" 
					type="radio" 
					default="uppercase" 
					label="Heading text transform" 
					description="Heading text transform">
						<option value="uppercase">uppercase</option>
						<option value="none">none</option>
				</field>				
				<field type="spacer" label=" " />
				<field type="spacer" label=" " />
				
			</fieldset>			
		
			<!-- ~~~~~~~~~~~~~~~~~~~~~~~~~~~~~~~~~~~~~~~~~~~~~~~~~~~~~~~~~~~~~~~~~~~~~~~~~~~~~~~~~~~~~~~~~~~~~~~~~~~~~~~~~~~~~~~~~~~~~ -->	
			<!-- Footer Configuration Parameter   ~~~~~~~~~~~~~~~~~~~~~~~~~~~~~~~~~~~~~~~~~~~~~~~~~~~~~~~~~~~~~~~~~~~~~~~~~~~~~~~~~~~~ -->
			<!-- ~~~~~~~~~~~~~~~~~~~~~~~~~~~~~~~~~~~~~~~~~~~~~~~~~~~~~~~~~~~~~~~~~~~~~~~~~~~~~~~~~~~~~~~~~~~~~~~~~~~~~~~~~~~~~~~~~~~~~ -->	
					
			<fieldset name="footerparameters" addfieldpath="/templates/as002031free/lib/header" label="Footer Configuration Parameters">

	
				<!-- ~~~~~~~~~~~~~~~~~~~~~~~~~~~~~~~~~~~~~~~~~~~~~~~~~~~~~~~~~~~~~~~~~~~~~~~~~~~~~~~~~~~~~~~~~~~~~~~~~~~~~~~~~~~~~~~~~~ -->	
				<!-- Footer - Row 3 -->			
				<!-- ~~~~~~~~~~~~~~~~~~~~~~~~~~~~~~~~~~~~~~~~~~~~~~~~~~~~~~~~~~~~~~~~~~~~~~~~~~~~~~~~~~~~~~~~~~~~~~~~~~~~~~~~~~~~~~~~~~ -->	
				
				
				<field name="footer_row3_fontsize" 
					type="list" 
					default="11px" 
					label="Font size" 
					description="Select a font size here">
						<option value="10px">10px</option>
						<option value="11px">11px</option>
						<option value="12px">12px</option>
						<option value="13px">13px</option>
						<option value="14px">14px</option>
						<option value="15px">15px</option>
						<option value="16px">16px</option>
						<option value="17px">17px</option>
						<option value="18px">18px</option>
				</field>
				<field name="footer_row3_fontweight" 
					type="list" 
					default="normal" 
					label="Font weight" 
					description="Select a font weight here">
						<option value="normal">Normal</option>
						<option value="bold">Bold</option>
				</field>
				<field name="footer_row3_texttransform" 
					type="radio" 
					default="uppercase" 
					label="Text transform" 
					description="Text transform">
						<option value="uppercase">uppercase</option>
						<option value="none">none</option>
				</field>				
				<field type="spacer" label=" " />
				<field type="spacer" label=" " />
				
			</fieldset>			
			
			<!-- ~~~~~~~~~~~~~~~~~~~~~~~~~~~~~~~~~~~~~~~~~~~~~~~~~~~~~~~~~~~~~~~~~~~~~~~~~~~~~~~~~~~~~~~~~~~~~~~~~~~~~~~~~~~~~~~~~~~~~ -->	
			<!-- Custom CSS   ~~~~~~~~~~~~~~~~~~~~~~~~~~~~~~~~~~~~~~~~~~~~~~~~~~~~~~~~~~~~~~~~~~~~~~~~~~~~~~~~~~~~~~~~~~~~~~~~~~~~~~~~ -->
			<!-- ~~~~~~~~~~~~~~~~~~~~~~~~~~~~~~~~~~~~~~~~~~~~~~~~~~~~~~~~~~~~~~~~~~~~~~~~~~~~~~~~~~~~~~~~~~~~~~~~~~~~~~~~~~~~~~~~~~~~~ -->	
			
			<fieldset name="customcss" label="Custom CSS">			

				<field type="spacer" label="" />	

				<field name="custom_css" 
					type="textarea" 
					default="" 
					label="Custom CSS area" 
					description="You can put your css here" 
					cols="45" 
					rows="30" >
				</field>     
				<field type="spacer" label="" />
				<field type="spacer" label=" " />
				
			</fieldset>
			
		</fields>
	</config>
</extension>	
